{"vertices":[1.398588,0.991884,0.948615,1.398588,1.991884,1.948615,2.264613,0.991884,2.448615,1.398588,0.991884,0.948615,2.264613,0.991884,2.448615,0.532562,0.991884,2.448615,2.264613,0.991884,2.448615,1.398588,1.991884,1.948615,0.532562,0.991884,2.448615,0.532562,0.991884,2.448615,1.398588,1.991884,1.948615,1.398588,0.991884,0.948615,2.115808,0.991383,2.450275,2.191475,1.079192,2.405723,2.190725,0.991383,2.317917,2.115808,0.991383,2.450275,2.190725,0.991383,2.317917,2.267891,0.991383,2.448976,2.190725,0.991383,2.317917,2.191475,1.079192,2.405723,2.267891,0.991383,2.448976,2.267891,0.991383,2.448976,2.191475,1.079192,2.405723,2.115808,0.991383,2.450275,1.398588,1.904932,1.860807,1.398588,1.992741,1.948615,1.474632,1.904932,1.992519,1.398588,1.904932,1.860807,1.474632,1.904932,1.992519,1.322543,1.904932,1.992519,1.474632,1.904932,1.992519,1.398588,1.992741,1.948615,1.322543,1.904932,1.992519,1.322543,1.904932,1.992519,1.398588,1.992741,1.948615,1.398588,1.904932,1.860807],"normals":[0.7746,0.4472,-0.4472,0.7746,0.4472,-0.4472,0.7746,0.4472,-0.4472,0,-1,0,0,-1,0,0,-1,0,0,0.4472,0.8944,0,0.4472,0.8944,0,0.4472,0.8944,-0.7746,0.4472,-0.4472,-0.7746,0.4472,-0.4472,-0.7746,0.4472,-0.4472,-0.7784,0.4472,-0.4406,-0.7784,0.4472,-0.4406,-0.7784,0.4472,-0.4406,0,-1,0,0,-1,0,0,-1,0,0.7707,0.4472,-0.4538,0.7707,0.4472,-0.4538,0.7707,0.4472,-0.4538,0.0076,0.4472,0.8944,0.0076,0.4472,0.8944,0.0076,0.4472,0.8944,0.7746,0.4472,-0.4472,0.7746,0.4472,-0.4472,0.7746,0.4472,-0.4472,0,-1,0,0,-1,0,0,-1,0,0,0.4472,0.8944,0,0.4472,0.8944,0,0.4472,0.8944,-0.7746,0.4472,-0.4472,-0.7746,0.4472,-0.4472,-0.7746,0.4472,-0.4472],"texcoords":[0.25,0.51,0.25,0.75,0.457846,0.87,0.75,0.51,0.957846,0.87,0.542154,0.87,0.457846,0.87,0.25,0.75,0.042154,0.87,0.042154,0.87,0.25,0.75,0.25,0.51,0.25,0.51,0.25,0.75,0.457846,0.87,0.75,0.51,0.957846,0.87,0.542154,0.87,0.457846,0.87,0.25,0.75,0.042154,0.87,0.042154,0.87,0.25,0.75,0.25,0.51,0.25,0.51,0.25,0.75,0.457846,0.87,0.75,0.51,0.957846,0.87,0.542154,0.87,0.457846,0.87,0.25,0.75,0.042154,0.87,0.042154,0.87,0.25,0.75,0.25,0.51],"indices":[0,1,2,3,4,5,6,7,8,9,10,11,12,13,14,15,16,17,18,19,20,21,22,23,24,25,26,27,28,29,30,31,32,33,34,35]}